series,model_as_printed,kp_min,kp_max,kd_min,kd_max,position_min_rad,position_max_rad,speed_min_rad_s,speed_max_rad_s,speed_variant_note,torque_min_nm,torque_max_nm,current_min_a,current_max_a,kt_nm_a_as_printed,rotor_inertia_kg_mm2,red_kd_revision_note,printed_page,pdf_page
行星,EC-A2806-P2-36,0,500,0,5,-12.5,12.5,-18,18,未逐型号列明；72V版本±30,-12,12,-10,10,1.35,4.26,false,26,31
行星,EC-A4310-P2-36,0,500,0,5,-12.5,12.5,-18,18,未逐型号列明；72V版本±30,-30,30,-30,30,1.4,19,false,26,31
行星,EC-A4315-P2-36,0,500,0,5,-12.5,12.5,-18,18,未逐型号列明；72V版本±30,-70,70,-30,30,2.8,25,false,26,31
行星,EC-A6408-P2-25,0,500,0,5,-12.5,12.5,-18,18,未逐型号列明；72V版本±30,-60,60,-60,60,2.35,62,false,26,31
行星,EC-A6416-P2-25,0,500,0,5,-12.5,12.5,-18,18,未逐型号列明；72V版本±30,-120,120,-60,60,2.74,104,false,26,31
行星,EC-A8112-P1-18,0,500,0,5,-12.5,12.5,-18,18,未逐型号列明；72V版本±30,-90,90,-60,60,2.1,149,false,26,31
行星,EC-A8116-P1-18,0,500,0,5,-12.5,12.5,-18,18,未逐型号列明；72V版本±30,-150,150,-70,70,2.35,189,false,26,31
行星,EC-A10020-P1-12/6,0,500,0,50,-12.5,12.5,-18,18,未逐型号列明；72V版本±30,-150,150,-70,70,2.5/1.7,485,true,26,31
行星,EC-A13720-P1-11.4,0,500,0,50,-12.5,12.5,-18,18,未逐型号列明；72V版本±30,-400,400,-220,220,2.5,1514,true,26,31
行星,EC A13715-P1-12.67,0,500,0,50,-12.5,12.5,-18,18,未逐型号列明；72V版本±30,-320,320,-220,220,2.5,1237,true,26,31
行星中空,EC-A4310-P2-36H,0,500,0,5,-12.5,12.5,-18,18,未逐型号列明；72V版本±30,-30,30,-30,30,1.4,18,false,26,31
行星中空,EC-A6408-P2-16H,0,500,0,5,-12.5,12.5,-18,18,未逐型号列明；72V版本±30,-45,45,-30,30,2.15,62.581,false,26,31
行星中空,EC-A6408-P2-30.25H,0,500,0,5,-12.5,12.5,-18,18,未逐型号列明；72V版本±30,-60,60,-60,60,2.45,63,false,26,31
行星中空,EC-A6408-P2-30.25HB,0,500,0,5,-12.5,12.5,-18,18,未逐型号列明；72V版本±30,-60,60,-60,60,2.20,74,false,26,31
行星中空,EC-A6416-P2-30.25H,0,500,0,5,-12.5,12.5,-18,18,未逐型号列明；72V版本±30,-120,120,-60,60,2.65,102.678,false,26,31
行星中空,EC-A8112-P1-18H,0,500,0,5,-12.5,12.5,-18,18,未逐型号列明；72V版本±30,-90,90,-60,60,2.1,98,false,26,31
行星中空,EC-A8116-P1-18H,0,500,0,5,-12.5,12.5,-18,18,未逐型号列明；72V版本±30,-130,130,-70,70,2.35,197,false,26,31
行星中空,EC-A10010-P2-16H,0,500,0,50,-12.5,12.5,-18,18,未逐型号列明；72V版本±30,-120,120,-90,90,1.80,313.699,true,26,31
行星中空,EC-A10015-P2-16H,0,500,0,50,-12.5,12.5,-18,18,未逐型号列明；72V版本±30,-150,150,-90,90,1.85,407.08,true,26,31
行星中空,EC-A10020-P2-16H,0,500,0,50,-12.5,12.5,-18,18,未逐型号列明；72V版本±30,-180,180,-90,90,2.00,499.81,true,26,31
行星中空,EC-A10010-P2-24H,0,500,0,50,-12.5,12.5,-18,18,未逐型号列明；72V版本±30,-150,150,-100,100,2.00,291.925,true,26,31
行星中空,EC-A10015-P2-24H,0,500,0,50,-12.5,12.5,-18,18,未逐型号列明；72V版本±30,-220,220,-120,120,2.00,384.532,true,26,31
行星中空,EC-A10020-P2-24H,0,500,0,50,-12.5,12.5,-18,18,未逐型号列明；72V版本±30,-300,300,-140,140,2.6,477,true,26,31
谐波,EC-A3814-H14-107,0,500,0,5,-12.5,12.5,-18,18,未逐型号列明；72V版本±30,-60,60,-20,20,4.2,3,false,26,31
谐波,EC-A5013-H17-100,0,500,0,5,-12.5,12.5,-18,18,未逐型号列明；72V版本±30,-90,90,-30,30,5.9,10,false,26,31
谐波,EC-A6013-H20-100,0,500,0,5,-12.5,12.5,-18,18,未逐型号列明；72V版本±30,-130,130,-35,35,5.6,24,false,26,31
谐波,EC-A6416-H25-100B,0,500,0,5,-12.5,12.5,-18,18,未逐型号列明；72V版本±30,-300,300,-25,25,10.3,107,false,26,31
谐波,EC-A8116-H32-100B,0,500,0,5,-12.5,12.5,-18,18,未逐型号列明；72V版本±30,-500,500,-70,70,8.85,225,false,26,31
二代关节,EC-A5016-P2-17H,0,500,0,50,-12.5,12.5,-30,30,,-36,36,-40,40,1.4,5.2,false,26,31
二代关节,EC-A5020-P2-17H,0,500,0,50,-12.5,12.5,-30,30,,-42,42,-40,40,1.4,7,false,26,31
二代关节,EC-A5025-P2-17H,0,500,0,50,-12.5,12.5,-30,30,,-50,50,-40,40,1.4,8.4,false,26,31
二代关节,EC-A7216-P2-22H,0,500,0,50,-12.5,12.5,-30,30,,-140,140,-100,100,1.9,32.4,false,26,31
二代关节,EC-A7220-P2-22H,0,500,0,50,-12.5,12.5,-30,30,,-160,160,-100,100,1.9,39.3,false,26,31
二代关节,EC-A7225-P2-22H,0,500,0,50,-12.5,12.5,-30,30,,-200,200,-100,100,2.0,49.2,false,26,31
二代关节,EC-A9016-P2-23.625H,0,500,0,50,-12.5,12.5,-30,30,,-240,240,-160,160,1.95,118.1,false,26,31
二代关节,EC-A9020-P2-23.625H,0,500,0,50,-12.5,12.5,-30,30,,-280,280,-160,160,1.9,150.90,false,26,31
二代关节,EC-A9025-P2-23.625H,0,500,0,50,-12.5,12.5,-30,30,,-320,320,-160,160,2.1,182.5,false,26,31
二代关节,EC-A10820-P2-24H,0,500,0,50,-12.5,12.5,-30,30,,-400,400,-220,220,2.0,326.4,false,26,31
二代关节,EC-A10825-P2-24H,0,500,0,50,-12.5,12.5,-30,30,,-450,450,-220,220,2.0,401.9,false,26,31
